INSERT INTO faculties (id_name, name, years)
	VALUES ('леч', 'Лечебный', 6), ('пед', 'Педиатрический', 6), ('ст', 'Стоматологический', 6);
	
INSERT INTO users VALUES (1,'Berneice','Dorcas','Cole','ignacio29@example.com','5b33a1cc7b68e2f06585ac9a0e7eb54f41b7d650','1996-12-29','1988-11-16 03:55:59',''),(2,'Edgar','Edd','Collier','tina.veum@example.org','ae3e63edfff1316916ab71ef9c7cf1aacc90d296','1984-02-12','2008-05-02 07:29:22','\0'),(3,'Joey','Loyal','McClure','xavier77@example.org','e1b67a3b06f70a4c466c51dae7b4df9389261e87','1994-07-22','1992-03-19 21:29:30','\0'),(4,'Quinten','Kristofer','Dooley','thora63@example.com','9210e9ed61dbe444cbc3e7863453a86ac29dbb54','2020-06-05','2018-09-26 16:08:47','\0'),(5,'Carolyne','Devin','Braun','jeffry40@example.com','e679668e396f933fcb561ffa3510d4ef90e87c70','1981-12-20','2007-12-07 15:52:08',''),(6,'Trenton','Lennie','Steuber','aimee.parker@example.net','d24e7c10c965011c94568ac280a85504d41855d0','2014-03-15','1996-09-23 11:34:06','\0'),(7,'Eula','Braulio','Donnelly','wcorkery@example.com','c25ea4e0ffbb95eb00abdae88f1fadd23c83b10a','2016-08-05','2002-09-10 13:52:24',''),(8,'Harmon','Clay','Armstrong','birdie44@example.net','89b43452741fb554c8109e8ea59557c48773f41c','2015-12-06','2001-08-13 00:33:33',''),(9,'Claudine','Camron','Rodriguez','nadia.johnson@example.net','c91cbedc19b70b6166401a4a7f704abcea430a58','2021-01-05','2014-12-10 10:52:05',''),(10,'Marty','Sigmund','Shields','daugherty.ottis@example.net','4a808fe08c4685393d096f3d8d432c7f52e7ece8','1975-10-12','2020-03-26 04:33:04',''),(11,'Jessy','Keyshawn','Gerhold','dillan.connelly@example.com','35f0982e735416ae69a40e1c8bb89815e6832aa2','1970-04-24','1977-05-11 19:34:52','\0'),(12,'Shea','Jamar','Kohler','lcronin@example.net','eb8d5a83d805647bfeea3a8e1cca43951a48c180','1971-04-13','2021-11-15 20:34:02','\0'),(13,'Angeline','Kenneth','Kshlerin','marcellus.lemke@example.net','80045258b83bf30c93a94044ffa21389e987fe8b','2019-09-21','2013-03-11 23:31:20',''),(14,'Johathan','Magnus','Mohr','elvera21@example.org','e4418ae194daf612884399c371a6aecb9553b1e6','1997-04-22','1988-06-05 13:55:19',''),(15,'Elisabeth','Diamond','Romaguera','smorissette@example.net','acd13a05144e8c638b013aa86a57c2dc8c1ba304','1979-11-05','2018-10-31 09:43:32','\0'),(16,'Jason','Olaf','Nolan','pmetz@example.com','5d67f5e42bb34e8780a81ce442cda4ea81f9e682','2003-02-05','1997-01-19 07:25:34',''),(17,'Wanda','Eduardo','Marks','kirlin.diego@example.net','a082e7d1b20facf4e8eb4aa9bb761bdda9eabb52','1971-02-01','1970-04-23 15:33:58',''),(18,'Coralie','Domenick','Heaney','teagan.ward@example.org','7c33a7b620d70a632a2dcfbb89052758f94cf422','1977-04-22','1980-03-16 02:53:58','\0'),(19,'Tony','Joseph','Lesch','hfay@example.net','ff1f176947df3b46a6ce72a1592a1e87dd0065fb','1989-07-03','2000-12-06 12:19:16','\0'),(20,'Audreanne','Stan','Franecki','reynolds.daphne@example.net','6119d8f1cfe4ecf4fac1fcdcf6da1a039b79b662','1990-06-01','1972-07-09 22:18:30',''),(21,'Leola','Chester','Fay','katrine.dicki@example.org','f3c890a043da3e093ae77bec9c9061402a15ed0c','1980-11-20','1996-12-15 22:45:14','\0'),(22,'Kolby','Jarod','Jacobi','orlo.tillman@example.com','734c3b6a71bd2cd01aa711283e76c5b8a04177a2','2014-10-25','1981-01-26 17:24:55','\0'),(23,'Trycia','Eriberto','Kihn','norbert.o\'hara@example.org','dcfb00da1f97c6b282fbf701f3e1849702c97e43','2009-10-15','1995-10-26 20:17:08',''),(24,'Maynard','Alvah','Kreiger','huel.irving@example.net','d259fdd3804bda0f2920b8befa326b2224f6cbc1','1977-07-30','1978-09-25 11:06:06','\0'),(25,'Alexandria','Quentin','Heaney','trystan68@example.com','fc7e2b659908bff32a2ffc6e0528381ff46010a6','1984-06-15','1973-03-28 09:10:19','\0'),(26,'Clemens','Sage','Mills','aida86@example.net','471ff1b39f2eabed164f574488b7e338fafbc493','2001-09-09','1990-08-13 07:00:39',''),(27,'Vilma','Darrick','Jerde','ehamill@example.com','8c25c5784656195b2a9759abdd800ea449e57ed6','1986-12-07','2016-07-25 19:46:38','\0'),(28,'Brendan','Robbie','Dickinson','cziemann@example.com','8c2fb559e4f427aabb1e1f463e0c0f720b2ca279','1970-10-26','1983-03-10 09:24:35','\0'),(29,'Everardo','Justyn','Luettgen','schamberger.brody@example.com','3ab7068ee98ddbd964394941e6a7682f7ea5f7fa','2015-03-17','2007-05-05 12:30:42',''),(30,'Vaughn','Halle','Nicolas','buckridge.cale@example.org','42f5b61c5f08dd804272dc2d6ea2dec41920642a','2000-03-18','1981-03-16 02:19:26',''),(31,'Assunta','Lyric','Bailey','justus.hilll@example.org','b3e51104e87a0c4025d55b4824be268713e2f05e','2003-06-29','2020-06-20 13:29:46','\0'),(32,'Elizabeth','Erik','O\'Connell','blanche.ferry@example.net','28a468e2ecd26875072c231765a01f52d8e51e57','2017-07-10','2001-02-02 10:22:34',''),(33,'Mekhi','Toby','Crooks','zwolff@example.net','9fadfdadcf4ebc821546e625aefff2606ce9dfb1','2010-10-31','1996-03-27 16:04:52','\0'),(34,'Anabelle','Wilmer','Hettinger','uweber@example.org','709eeb0d50a3e503c34399db9bbe6240fb4a492d','2009-09-04','1974-07-15 03:59:22',''),(35,'Alexandre','Ewald','Zboncak','zieme.ansel@example.net','00e5aa21e4c527c622fae1589cf46ada68ebb3ce','2022-07-06','1981-11-28 22:03:02','\0'),(36,'Shany','Kody','Cruickshank','weimann.imani@example.com','4ff5c3807e14689588e32de62018ce5bff0b4ea2','1990-08-25','1982-05-31 12:37:33',''),(37,'Mayra','Cory','Bergstrom','merle.reichel@example.com','e98b8b8bea665d02e5a486dc5027a0e9d142b65e','2008-09-01','1975-07-05 03:57:00','\0'),(38,'Ayden','Elliott','Sporer','adolfo.donnelly@example.net','d84657eb6e4a5d3406e6138bf93a4543f344b454','1982-09-21','1977-09-03 17:13:15','\0'),(39,'Mollie','Devante','Kiehn','mia.zieme@example.com','18d5b0c3c5a4481702e73ca3f88bda99417a9405','1982-05-17','1987-02-15 22:57:36','\0'),(40,'Keira','Edmond','Swaniawski','ibrekke@example.org','f6aa484ee3bc8955b1f3e709d277f60c035a4fbb','2005-01-14','1989-04-27 15:35:00',''),(41,'Lola','Donato','Hettinger','schmeler.belle@example.com','c3256673c27a563ddb2685ab0a132c7f66aacf1a','1987-06-27','2018-02-11 13:09:54','\0'),(42,'Okey','Weldon','Frami','francis.emard@example.org','02dd2776bf9b906e855cc8b7525d558104bc3d26','1991-04-26','2011-12-28 06:49:21',''),(43,'Lexi','Giles','Runolfsdottir','jstroman@example.com','1d009e0ce67468a1cd232633e1c39c17b56ad03d','2009-08-27','2001-01-06 17:33:04',''),(44,'Philip','Waylon','Kulas','frau@example.com','6110f66e0e90867cf07822a747434150bce839d4','1971-04-24','1976-10-04 19:30:34',''),(45,'Ellis','Salvatore','O\'Connell','elena.zulauf@example.com','6d8d36088dfe23bdef748e131557c76afe2c39f7','2017-10-08','1988-08-09 04:25:17',''),(46,'Tierra','Terry','Adams','cecil.bergstrom@example.org','f3c11f79cb57d8ac399fe16d4e63b4d71cdfaf6e','2015-11-23','2022-01-10 00:59:32',''),(47,'Dereck','Roosevelt','Hirthe','kareem14@example.org','67955e554a44bf07db02ef850314ccf553dabefd','1988-03-18','1987-02-14 16:21:54',''),(48,'Ollie','Demario','Wuckert','ernestina.volkman@example.org','3c3ecf2ed5d008e7c18560d570f72d6274ac9b86','2016-04-17','2013-09-17 09:47:47','\0'),(49,'Norval','Orrin','Kiehn','delores55@example.org','3678d7ce51b8548032fd52644a35590e8264692f','1983-04-08','1999-12-18 07:20:46',''),(50,'Buford','General','Hudson','gweber@example.org','1fa1038ed46fe5758be7b19bf7c09a952819254e','2016-02-11','1984-08-09 20:38:50',''),(51,'Jarrett','Simeon','Zboncak','conn.laurianne@example.org','30270f6f051e7b025542a26c1b9565d2144f1c21','1997-04-08','1970-02-23 11:46:21','\0'),(52,'Logan','Lamar','Pollich','deckow.rey@example.org','5b28e5924547788b9fdd86fcea7b20946d6c4c39','1970-01-15','2014-12-24 03:32:32',''),(53,'Ole','Michel','Stoltenberg','collier.tiara@example.net','95ff198493c59ff9193fee3bcca15b9b3784ce62','2021-11-22','1998-11-16 13:42:30',''),(54,'Jennings','Johathan','Gorczany','lbraun@example.org','a7d66adfbbbd6528a5ca6657cec6c2fb181d879b','1987-04-09','2019-04-10 21:39:30','\0'),(55,'Benjamin','Karley','Hansen','marks.jaquelin@example.net','2a7fedc7d7128b0fd93faa00c1e8dab7f3c29f90','1976-12-17','2012-09-20 06:49:23','\0'),(56,'Monserrat','Warren','Beatty','ferne04@example.net','60e53395e0e7da4fc36af25f779c0abf24ae2853','2005-02-03','2002-09-18 06:01:46','\0'),(57,'Harry','Broderick','O\'Connell','piper73@example.net','d7df5b8545233c52e8b124cb1a2c65f7323649d7','2012-10-20','1990-10-05 04:58:55','\0'),(58,'Reyna','Elton','Kohler','fdenesik@example.net','1966a613ca822d42609fb4068c08cb2bcd22a98b','2001-06-29','2002-12-27 19:12:19','\0'),(59,'Alf','Jayson','Conn','vincent.prohaska@example.org','6b0600d11eb8585d4e95229d5e00f3a71cd5bc44','2002-04-20','1999-03-05 10:02:51',''),(60,'Chloe','Emory','Ernser','elyssa.kuhic@example.org','7d4d744e43bedb36302d066fbbb6acb9f19e861f','2020-03-20','1986-06-15 22:33:01',''),(61,'Jalyn','Dean','Bednar','ryann.durgan@example.net','02c044700758e9b7a73f6b70a37e68f291db868a','2021-04-22','1973-02-06 02:44:27','\0'),(62,'Lizzie','Fredrick','Schneider','larson.crystel@example.org','f1ca3a33d7f23c2ba7a26e66b3d149ad769fe1f2','1981-09-23','1976-03-17 20:29:01',''),(63,'Sherman','Cecil','Wiza','xrempel@example.com','7db3b5bcc2c66a216aa6543557b5b8d9400837e5','1980-08-11','1995-02-03 03:26:55','\0'),(64,'Ashlee','Golden','Walter','jarod19@example.org','83600b7d42dac0d2703a6accce2601ee14da509d','1994-06-11','1976-01-28 03:14:08','\0'),(65,'Elian','Maynard','Graham','kelvin69@example.net','85e1bad9b92cef69ffeef1131c635d6ee7b26c13','2012-03-31','2004-03-23 23:39:36','\0'),(66,'Travon','Harmon','Hilll','schinner.sam@example.net','38ce9e759b45edd691b79f295d6f7900df09af79','1995-06-24','1999-03-18 19:51:23','\0'),(67,'Jace','Ramiro','Bergnaum','rafael11@example.org','1ec235f5769c4cb020b9b2c4a45df85c4b197878','2008-09-29','1970-01-17 01:24:16','\0'),(68,'Jewel','Owen','O\'Keefe','metz.floyd@example.net','65ae24c83b95bd95404c5a18d0ca4d1328bd760f','1991-01-30','2009-11-13 15:49:45','\0'),(69,'Archibald','Frederick','Aufderhar','igoldner@example.org','4365bdfdea06e186bfdecb1dc9d2fe5a448690f9','2017-03-01','1973-01-10 04:20:01','\0'),(70,'Merlin','Curtis','Emard','derrick.kunde@example.com','d5b789996e763978e7eff492194e0dbd17ae648d','1970-06-20','1992-05-14 19:10:57',''),(71,'Lavinia','Golden','Hilll','ckautzer@example.com','87dcb57db60618d6a3d611e636992385d51b7735','1971-09-07','2014-02-05 03:41:35',''),(72,'Andy','Mohamed','Hauck','barton.amos@example.org','5d784161ad123ab4031dcbda030bbc82ea46282a','2003-04-16','1994-02-09 10:31:08','\0'),(73,'Lily','Mauricio','White','kiel.harvey@example.com','243946e7ec28d6ab75b5d623373d3a3d19a5cd34','1974-04-06','1980-04-04 13:00:50',''),(74,'Salvatore','Lavon','Kris','kutch.leslie@example.com','33662cf253ae598326740ab162b6a6f61e10ec12','2021-12-08','1994-09-05 16:12:03','\0'),(75,'Zechariah','Amari','Ankunding','emard.antonia@example.net','e6676aa810a8bb2e24e83b8500ce98b472fa314b','2010-01-13','1988-04-04 17:41:21','\0'),(76,'Katelynn','Maxime','Sipes','gislason.lizeth@example.com','909319be8dbd24a357e9830696cd097bda140089','2013-04-24','1981-04-18 11:23:10',''),(77,'Jennifer','Marley','Koelpin','bednar.kane@example.com','6291e08d7ad29529edf239572610946cc866b612','2005-04-13','2022-08-03 03:13:25','\0'),(78,'Leon','Kennedi','Sipes','rowena.ullrich@example.net','3bf3c42041056f7c089b81b825341436d7c4de65','2009-09-01','1988-09-29 07:08:07','\0'),(79,'Carson','Jakob','Rodriguez','ibatz@example.net','d417a171143363c5ffd5e6a46a2b409e99c9a582','1973-07-25','2005-04-18 16:18:36','\0'),(80,'Lilla','Noble','Rempel','presley61@example.net','bcffd9e6e944d0ab16dc7b99d9acd59263774702','2015-05-09','2013-08-23 13:29:59',''),(81,'Augustine','Hugh','Heaney','reichel.delfina@example.org','7bd11e53b68f0020e1000a89e2a41cef8c374086','2008-05-04','1972-04-08 10:42:24',''),(82,'Felicia','Ernest','Rau','jhowe@example.net','a4d6e4e1eb1985e10d34759ff36e785e23f57934','1975-10-24','1971-08-08 11:49:58',''),(83,'Kathryn','Deron','Jacobi','boehm.dannie@example.com','9177431bce3de21a66434f375417dac94f67df5d','2002-11-13','1994-05-03 06:01:26','\0'),(84,'Conrad','Nicholas','Tillman','zbrown@example.com','1a87cbf0cfccf324329cab37095782fd3d2782b7','1978-07-28','2004-06-19 06:56:19',''),(85,'Antonio','Floyd','Gusikowski','halvorson.gloria@example.net','b8e6b69ac0a2709282fc126b60f9855fe1b14755','2013-06-09','1975-02-26 17:52:25',''),(86,'Edna','Kristofer','Hoppe','kyler53@example.net','fda6acb3fc4822c2db6fc759f349998d3d0c3776','1974-03-18','1992-06-22 16:45:21',''),(87,'Jettie','Noble','Grady','adaline97@example.org','f6a8f335076078eff84d2728c933d7bdb91bc7ac','2019-09-28','2005-11-10 00:33:29',''),(88,'Brittany','Kristoffer','Crooks','cynthia.ryan@example.com','a81f67d768c00b9088d18cddb4feca0ad3b06fee','1990-07-16','2019-04-19 22:57:38',''),(89,'Jesus','Julien','O\'Conner','waelchi.harmon@example.com','e8ecb894f2e7bad01d311a9d4c3b126880a80c66','2017-05-24','2002-04-22 20:43:03',''),(90,'Demarco','Leonel','Jast','paul78@example.org','172b1aad40fdb933d903fa35a80a285201901706','1993-10-30','1984-02-23 09:26:33',''),(91,'Lori','Adrien','Jacobi','reichel.lora@example.net','89c5901b45e5a3ef9562213f11e13e3084c25338','2010-04-27','2010-03-06 00:30:08',''),(92,'Graciela','Peyton','Lang','vickie.nicolas@example.net','d84e48d15759fff4f601499e7fea6afa6e20fd2f','2015-04-30','2002-07-27 05:00:17','\0'),(93,'Emmett','Monserrat','Runolfsson','carmine.abernathy@example.com','48e821064a52e55a8a5feafba6041e86acd96676','2001-10-10','2021-06-16 19:53:23',''),(94,'Joanny','Orville','Hoppe','evelyn88@example.org','cf2082aa473594703f139ec475d8412249c32c68','2005-07-09','1994-02-17 15:47:03','\0'),(95,'Keara','Lexus','Bins','garrick34@example.org','f242db4762014b0b6a44646a52cc27cebb171bc3','1998-04-05','2010-07-08 15:26:03','\0'),(96,'Alexandre','Brandon','Ondricka','tadams@example.org','2bdd6adc66e288e2e4f4e837425bf373f0d4f99c','1993-07-12','1997-02-09 21:21:48',''),(97,'Bradley','Dejuan','Stark','trantow.ariel@example.org','4668077f3d02471a04346131f5c69f14883403ba','2017-07-01','1981-07-07 06:41:02',''),(98,'Graciela','Nick','Ankunding','rosemarie64@example.net','107a81c5f35e0d1822da1a4fb1884cbc37fcfd6c','2000-04-03','2017-12-12 02:31:12','\0'),(99,'Laury','Justus','Mitchell','stoy@example.org','74653ac2bcb066ccff7fe69c0c31c4e5ddb02fff','1983-04-21','2018-10-02 08:56:59','\0'),(100,'Rosetta','Adolf','Schaden','rmckenzie@example.com','371afd9b3e992ab65463360d4d4ebcad733f84a2','2010-08-26','1994-03-19 16:15:55','\0');

INSERT INTO departments (name, faculty_id, hod_id, short_name)
	VALUES ('Анатомии человека', 'леч', 6, 'анат'), ('Госпитальной терапии', 'леч', 48, 'ГТ'), ('Хирургии', 'леч', 16, 'хир'),
	('Лучевой диагностики', 'пед', 63, 'ЛД'), ('Детский болезней', 'пед', 98, 'ДБ'),
	('Терапевтической стоматологии', 'ст', 12, 'ТерСт'), ('Ортопедии', 'ст', 23, 'Орто');

INSERT INTO subjects (name)
	VALUES ('Анатомия'), ('Топографическая анатомия'), ('Аллергология'), ('Рентгенология'), 
	('Общая хирургия'), ('Пропедевтика'), ('Радиология'), ('Детские инфекции'), 
	('Стоматология'), ('Гигиена полости рта'), ('Хирургическая стоматология'), 
	('Ортодонтия'), ('Травматология'), ('Детская хирургия'), ('Гастроэнтерология'), 
	('Ревматология');


INSERT INTO curiculum (subject_id, faculty_id, department_id, edu_year, hours)
	VALUES (1, 'леч', 1, 1, 340), (1, 'пед', 1, 1, 320), (1, 'ст', 1, 1, 200), 
	(3, 'леч', 5, 5, 140), (3, 'пед', 5, 4, 220), (12, 'ст', 7, 1, 100), 
	(4, 'леч', 4, 3, 72), (4, 'пед', 4, 3, 72), (4, 'ст', 4, 4, 108),
	(5, 'леч', 3, 6, 340), (14, 'пед', 3, 6, 320), (5, 'ст', 3, 3, 200); 
	

INSERT INTO science_degrees (science_type, degree_type)
	VALUES ('педагогических наук', 'кандидат'), ('педагогических наук', 'доктор'),
	('медицинских наук', 'кандидат'), ('медицинских наук', 'доктор');
	
ALTER TABLE professors 
	alter COLUMN status SET DEFAULT 'активный';

INSERT INTO professors (user_id, degree_id, diploma, diploma_year, academic_title)
	VALUES (6, 4, '45GH890', 2003, 'профессор'), (16, 4, '23LK467', 1981, 'профессор'), (48, 4, '789GH890', 1999, 'профессор'),
	(63, 4, '79fjlo890', 1976, 'доцент'), (98, 4, '79ty81b0', 2012, 'профессор'), (12, 4, '789ti75', 1997, 'профессор'),
	(23, 4, '847668j80', 1992, 'профессор'), (1, 3, '45GH890', 2003, 'нет'), (2, 2, '45GH890', 2018, 'профессор'),
	(3, NULL, '874570', 1998, 'нет'), (4, 3, '875857889', 2013, 'доцент'), (5, 2, '98i7u65', 2003, 'профессор'),
	(7, NULL, '96876560', 2013, 'нет'), (8, NULL, '09oyiyur4567', 2001, 'нет'), (9, 1, '098545yu987', 1999, 'доцент'),
	(10, 2, '-0976tyt', 2000, 'доцент'), (11, 3, '098764', 1989, 'нет'), (13, 4, '09587ert9', 2003, 'профессор'),
	(14, NULL, '09965867', 2003, 'нет'), (15, 3, '45879876', 2003, 'нет'), (17, 1, '098656eyt783', 2008, 'доцент'),
	(18, 1, '096576536879', 2002, 'нет'), (19, NULL, '456er769860', 2003, 'нет'), (20, NULL, '3568790234', 1998, 'нет'),
	(21, 3, '0986575', 2007, 'доцент'), (22, 3, '09875476', 2005, 'доцент'), (24, 3, '9085465769p0', 2013, 'доцент');

INSERT INTO students (user_id, faculty_id, status) VALUES (25,'леч','активный'),(26,'леч','активный'),(27,'пед','активный'),(28,'пед','отчислен'),(29,'ст','активный'),(30,'леч','академический отпуск'),(31,'пед','отчислен'),(32,'ст','активный'),(33,'пед','академический отпуск'),(34,'ст','отчислен'),(35,'леч','академический отпуск'),(36,'пед','академический отпуск'),(37,'пед','отчислен'),(38,'пед','активный'),(39,'леч','академический отпуск'),(40,'пед','академический отпуск'),(41,'пед','отчислен'),(42,'ст','академический отпуск'),(43,'ст','отчислен'),(44,'леч','активный'),(45,'ст','отчислен'),(46,'пед','академический отпуск'),(47,'пед','активный'),(49,'леч','отчислен'),(50,'пед','отчислен'),(51,'ст','активный'),(52,'ст','отчислен'),(53,'леч','академический отпуск'),(54,'пед','отчислен'),(55,'ст','отчислен'),(56,'леч','академический отпуск'),(57,'ст','отчислен'),(58,'леч','отчислен'),(59,'ст','академический отпуск'),(60,'пед','отчислен'),(61,'леч','отчислен'),(62,'леч','отчислен'),(64,'пед','активный'),(65,'леч','активный'),(66,'ст','активный'),(67,'ст','отчислен'),(68,'ст','активный'),(69,'пед','отчислен'),(70,'ст','отчислен'),(71,'ст','академический отпуск'),(72,'леч','активный'),(73,'леч','отчислен'),(74,'ст','отчислен'),(75,'пед','активный'),(76,'ст','активный'),(77,'пед','активный'),(78,'ст','активный'),(79,'ст','отчислен'),(80,'ст','активный'),(81,'пед','отчислен'),(82,'пед','отчислен'),(83,'пед','академический отпуск'),(84,'пед','академический отпуск'),(85,'леч','активный'),(86,'пед','активный'),(87,'леч','академический отпуск'),(88,'пед','академический отпуск'),(89,'леч','отчислен'),(90,'пед','академический отпуск'),(91,'ст','отчислен'),(92,'пед','отчислен'),(93,'леч','активный'),(94,'ст','академический отпуск'),(95,'леч','академический отпуск'),(96,'леч','отчислен'),(97,'ст','активный'),(99,'ст','отчислен'),(100,'пед','активный');

INSERT INTO classes (faculty_id, edu_year, group_num)
VALUES ('леч', 1, 1), ('леч', 1, 2), ('леч', 2, 1), ('леч', 2, 2),
('леч', 3, 1), ('леч', 4, 1),  ('леч', 5, 1), ('леч', 6, 1), ('пед', 1, 1), ('пед', 2, 2),
('пед', 3, 1),  ('пед', 4, 2), ('пед', 5, 1), ('пед', 6, 2), ('ст', 1, 1), ('ст', 2, 2),
('ст', 3, 1),  ('ст', 4, 2), ('ст', 5, 1), ('леч', 3, 2);

INSERT INTO students_classes VALUES (1,1),(2,2),(3,3),(4,4),(5,5),(6,6),(7,7),(8,8),(9,9),(10,10),(11,11),(12,12),(13,13),(14,14),(15,15),(16,16),(17,17),(18,18),(19,19),(20,1),(21,2),(22,3),(23,4),(24,5),(25,6),(26,7),(27,8),(28,9),(29,10),(30,11),(31,12),(32,13),(33,14),(34,15),(35,16),(36,17),(37,18),(38,19),(39,1),(40,2),(41,3),(42,4),(43,5),(44,6),(45,7),(46,8),(47,9),(48,10),(49,11),(50,12),(51,13),(52,14),(53,15),(54,16),(55,17),(56,18),(57,19),(58,1),(59,2),(60,3),(61,4),(62,5),(63,6),(64,7),(65,8),(66,9),(67,10),(68,11),(69,12),(70,13),(71,14),(72,15),(73,16);

INSERT INTO professors_departments VALUES (1,1,'профессор',0,'2001-08-01 17:51:17','2012-07-26 19:18:12'),(2,2,'профессор',0,'2020-12-05 13:10:36','1991-11-25 18:31:13'),(3,3,'профессор',0,'1999-06-21 00:22:31','1976-02-22 08:10:02'),(4,4,'профессор',0,'2010-11-17 00:50:43','2007-01-22 11:25:41'),(5,5,'профессор',0,'1981-05-28 01:54:08','1989-04-12 12:06:10'),(6,6,'профессор',0,'1977-04-28 19:28:01','2022-08-21 09:37:00'),(7,7,'профессор',0,'1989-11-12 05:53:32','1977-12-22 03:02:07'),(8,1,'профессор',0,'2014-05-18 04:30:33','1995-03-29 05:27:15'),(9,2,'доцент',0,'2014-02-02 03:12:11','1971-03-03 18:16:12'),(10,3,'старший преподаватель',0,'1999-06-24 17:47:16','1997-02-09 23:08:44'),(11,4,'профессор',0,'1976-10-25 08:44:16','1991-06-03 00:21:42'),(12,5,'лаборант',0,'1992-08-08 18:54:58','2017-10-07 20:38:38'),(13,6,'старший преподаватель',0,'1973-05-01 02:25:23','1991-11-11 04:50:31'),(14,7,'препаратор',0,'1984-01-18 10:31:24','2012-01-15 12:51:04'),(15,1,'доцент',0,'1992-06-28 21:25:15','2000-09-29 06:30:39'),(16,2,'доцент',0,'2017-01-24 03:50:42','1991-05-06 06:04:41'),(17,3,'ассистент',0,'1998-02-16 18:32:28','1993-07-20 08:18:43'),(18,4,'препаратор',0,'1972-03-13 01:34:41','1993-09-06 07:38:17'),(19,5,'ассистент',0,'1995-03-14 02:21:03','1974-03-17 00:57:33'),(20,6,'препаратор',0,'1997-12-18 18:49:33','1993-07-30 00:01:11'),(21,7,'доцент',0,'1990-08-29 12:40:34','2007-01-16 11:51:18'),(22,1,'профессор',0,'2017-10-27 02:40:08','1979-08-17 20:45:48'),(23,2,'ассистент',0,'1984-10-28 05:20:35','1974-06-07 16:07:41'),(24,3,'препаратор',0,'2011-01-29 22:10:10','1975-11-27 02:05:45'),(25,4,'профессор',0,'1988-06-08 18:34:13','1999-01-20 23:13:10'),(26,5,'ассистент',0,'1979-09-13 09:27:13','1984-04-01 01:15:10'),(27,6,'профессор',0,'2003-06-09 10:56:37','1998-08-22 05:46:18');

INSERT INTO subject_prof_group 
VALUES (1, 15, 1), (1, 22, 9), (1, 8, 15), (3, 19, 7), (3, 26, 13), (4, 25, 18), (4, 25, 11), (4, 25, 5), (12, 7, 15), (5, 10, 5), (5, 3, 17), (4, 25, 20); 
